id,set_id,name,flavor_text,card_type,rarity,image_url,is_video,drop_weight,created_at,author,max_serial_supply,keyword,keyword_tier,defense,cast_cost,effect_text,updated_at,power_grade
0062e4db-0ef8-4935-a26c-84fdff5c8135,d4e57593-39c9-4728-a0c0-46c8755ddc00,Slate-Scaled Serpent,A terror of the fiery deep.,Unit,Rare,https://ik.imagekit.io/zusyw2yie/midjourney_session/A_sea_serpent_with_scales_like_wet_slate_winding_through_a_fi_54fea323-2fae-43e7-8812-e2d0abc9a067_2_result.webp?updatedAt=1778240811232,false,30,2026-05-09 11:02:16.8201+00,FryBandit,,Reckless,1,12,30,,2026-06-11 08:27:08.304905+00,
010d0365-7608-4f7a-a619-016a5fd408e9,d4e57593-39c9-4728-a0c0-46c8755ddc00,Anchor Graveyard,Where heavy hearts and heavier bets sink.,Location,Rare,https://ik.imagekit.io/zusyw2yie/midjourney_session/A_floating_graveyard_of_rusted_anchors_all_suspended_by_invis_0f881980-826a-4310-90be-a8ffa5f41207_3_result.webp?updatedAt=1778240811158,false,30,2026-05-09 11:02:16.8201+00,FryBandit,,High Stakes,2,,30,,2026-06-11 08:27:08.304905+00,
06b2eee4-6a95-45b6-9714-4352e5939c4f,d4e57593-39c9-4728-a0c0-46c8755ddc00,Map Pearl,The world inside a shell.,Artifact,Common,https://ik.imagekit.io/zusyw2yie/midjourney_session/A_giant_iridescent_pearl_that_contains_a_map_of_the_entire_oc_70ccb525-3214-4694-92ef-98d830751f6f_0_result.webp?updatedAt=1778240801221,false,100,2026-05-09 11:02:16.8201+00,FryBandit,,Smuggle,1,,10,,2026-06-11 08:27:08.304905+00,
07ceaa27-d17b-4dca-b13d-dd22ce9fc088,d4e57593-39c9-4728-a0c0-46c8755ddc00,Anemone Weaver,Her strings control the currents.,Unit,Uncommon,https://ik.imagekit.io/zusyw2yie/midjourney_session/A_mermaid_with_multiple_arms_like_an_anemone_braiding_strings_99d00ed0-e2ef-497e-a2ad-c8ca04b12694_1_result.webp?updatedAt=1778240805244,false,60,2026-05-09 11:02:16.8201+00,FryBandit,,Tell,1,5,20,,2026-06-11 08:27:08.304905+00,
0850e918-d6fa-4d63-9e67-ab7bc5e5cd64,d4e57593-39c9-4728-a0c0-46c8755ddc00,Brass Whale,A mechanical marvel of the deep.,Unit,Rare,https://ik.imagekit.io/zusyw2yie/midjourney_session/A_massive_mechanical_whale_made_of_rusted_brass_and_glowing_c_7cff4b05-f767-481a-b27b-90f1cced16e2_1_result.webp?updatedAt=1778240802579,false,30,2026-05-09 11:02:16.8201+00,FryBandit,,High Roller,1,12,30,,2026-06-11 08:27:08.304905+00,
09157795-fe27-4f46-bc24-5b86c5553e8d,d4e57593-39c9-4728-a0c0-46c8755ddc00,Vampire Squid,A cloak of darkness.,Unit,Rare,https://ik.imagekit.io/zusyw2yie/midjourney_session/A_vampire_squid_draped_in_its_dark_red_webbing_with_glowing_e_d724e05e-82f7-413f-ad8b-fdb8386c585d_3_result.webp?updatedAt=1778240806512,false,30,2026-05-09 11:02:16.8201+00,FryBandit,,Undercover,2,6,30,,2026-06-11 08:27:08.304905+00,
0a1d4c4b-2420-4bde-a860-70372b7ad410,d4e57593-39c9-4728-a0c0-46c8755ddc00,Avatar of the Abyss,"The ocean incarnate, commanding the tides.",Leader,Mythic,https://ik.imagekit.io/zusyw2yie/midjourney_session/A_deity_of_the_deep_a_colossal_figure_made_of_water_and_glowi_6a37d7fc-859b-46f9-8c11-588c84e2c377_2_result.webp?updatedAt=1778240810664,false,3,2026-05-09 11:02:16.8201+00,FryBandit,200,Ultimatum,3,,0,,2026-05-09 11:02:16.8201+00,
0a9e0e31-01c3-4b28-acfb-cbde41e02022,d4e57593-39c9-4728-a0c0-46c8755ddc00,Victorian Helmet,A relic of surface explorers.,Artifact,Common,https://ik.imagekit.io/zusyw2yie/midjourney_session/A_rusted_Victorian_diving_helmet_overgrown_with_iridescent_ba_573ec635-6a35-46a9-a6be-f0ac4390534d_1_result.webp?updatedAt=1778240799919,false,100,2026-05-09 11:02:16.8201+00,FryBandit,,Vault,1,,10,,2026-06-11 08:27:08.304905+00,
0b38c21f-561a-4f86-8ae5-f2d88bd2c98a,d4e57593-39c9-4728-a0c0-46c8755ddc00,Stone Hand,A remnant of a giant.,Location,Common,https://ik.imagekit.io/zusyw2yie/midjourney_session/A_giant_stone_hand_reaching_up_from_the_trench_floor_holding__d1744f01-1dcf-4f82-ba72-d9cfd652915c_3_result.webp?updatedAt=1778240801364,false,100,2026-05-09 11:02:16.8201+00,FryBandit,,Restriction,2,,10,,2026-06-11 08:27:08.304905+00,
0d3775f2-1bb9-4d71-b836-f699865c2e9c,d4e57593-39c9-4728-a0c0-46c8755ddc00,Bubble Harvest,Gathering fuel for the deep-sea cities.,Event,Uncommon,https://ik.imagekit.io/zusyw2yie/midjourney_session/The_Gas_Bubble_Harvest--divers_collecting_giant_glowing_bubbl_11874af8-95d4-428d-9476-cd30818077aa_0_result.webp?updatedAt=1778240807415,false,60,2026-05-09 11:02:16.8201+00,FryBandit,,Launder,1,,20,,2026-06-11 08:27:08.304905+00,
0e69fb86-5468-4c1e-8587-98fefbf09738,d4e57593-39c9-4728-a0c0-46c8755ddc00,Cold Fire Volcano,Burning ice and freezing flames.,Location,Uncommon,https://ik.imagekit.io/zusyw2yie/midjourney_session/A_massive_underwater_volcano_erupting_with_blue_cold_fire._--_94750f9b-ad77-4939-8f92-84514d919b2f_1_result.webp?updatedAt=1778240804004,false,60,2026-05-09 11:02:16.8201+00,FryBandit,,Suit-Shift,1,,20,,2026-06-11 08:27:08.304905+00,
12015dbc-0dcd-46eb-bc47-53d1ca8a13fe,d4e57593-39c9-4728-a0c0-46c8755ddc00,Chalice of Quicksilver,A drink that shifts the odds in your favor.,Artifact,Rare,https://ik.imagekit.io/zusyw2yie/midjourney_session/A_silver_chalice_overflowing_with_liquid_mercury_that_doesnt__f6a17126-acad-4fa9-bd2e-f87533ddc2bb_2_result.webp?updatedAt=1778240810929,false,30,2026-05-09 11:02:16.8201+00,FryBandit,,Phantom,1,,30,,2026-06-11 08:27:08.304905+00,
1219b0c1-33c8-49d3-bc97-f390a32cfa74,d4e57593-39c9-4728-a0c0-46c8755ddc00,Crown of the Reef,Worn by the true ruler of the coral kingdom.,Artifact,Super-Rare,https://ik.imagekit.io/zusyw2yie/midjourney_session/An_intricate_crown_made_of_polished_red_coral_branching_into__3a3ea0a6-ea7c-4649-92e9-ad7054106425_0_result.webp?updatedAt=1778240809770,false,10,2026-05-09 11:02:16.8201+00,FryBandit,,Contraband,1,,40,,2026-06-11 08:27:08.304905+00,
17121e07-ec71-4d85-88e6-f5bb2681ad13,d4e57593-39c9-4728-a0c0-46c8755ddc00,Ethereal Sea Witch,Her magic is as cold as the abyss.,Leader,Mythic,https://ik.imagekit.io/zusyw2yie/midjourney_session/A_powerful_ethereal_Sea_Witch_with_pale_skin_and_glowing_viol_660bc480-f4fc-44d2-bd62-2cb96ed1204d_1_result.webp?updatedAt=1778240809298,false,3,2026-05-09 11:02:16.8201+00,FryBandit,200,Vanguard,1,,0,,2026-05-09 11:02:16.8201+00,
1e372b47-4dd5-425c-8373-153ecb92a1e2,d4e57593-39c9-4728-a0c0-46c8755ddc00,Driftwood Harp,Music that calms the savage beasts.,Artifact,Common,https://ik.imagekit.io/zusyw2yie/midjourney_session/A_musical_instrument_resembling_a_harp_made_of_driftwood_and__c99a707b-c281-4602-81e0-ac22a0785214_1_result.webp?updatedAt=1778240801340,false,100,2026-05-09 11:02:16.8201+00,FryBandit,,Rigged,1,,10,,2026-06-11 08:27:08.304905+00,
220f6a80-1c2a-464b-9ef2-30d28714346e,d4e57593-39c9-4728-a0c0-46c8755ddc00,Ghost Tunicate,An empty shell that still hunts.,Unit,Uncommon,https://ik.imagekit.io/zusyw2yie/midjourney_session/A_predatory_tunicate_ghost_fish_with_a_translucent_hood_open__3d78cd67-4810-440c-bc83-45e55d2131e4_0_result.webp?updatedAt=1778240803200,false,60,2026-05-09 11:02:16.8201+00,FryBandit,,Undercover,1,3,20,,2026-06-11 08:27:08.304905+00,
23f144b0-6705-442c-ba6a-73135409251f,d4e57593-39c9-4728-a0c0-46c8755ddc00,Shark Gathering,A frenzy waiting to happen.,Event,Common,https://ik.imagekit.io/zusyw2yie/midjourney_session/A_gathering_of_a_dozen_different_species_of_sharks_swimming_i_7f4ecc96-4303-4c17-82ed-c0cfdb7aac79_3_result.webp?updatedAt=1778240801512,false,100,2026-05-09 11:02:16.8201+00,FryBandit,,Blood Feud,1,,10,,2026-06-11 08:27:08.304905+00,
242a2831-6104-4105-8366-a6a9d5fbba8a,d4e57593-39c9-4728-a0c0-46c8755ddc00,Algal Veil,A shimmering barrier hiding terrible secrets.,Event,Uncommon,https://ik.imagekit.io/zusyw2yie/midjourney_session/A_curtain_of_glowing_silk-like_algae_hanging_from_a_trench_ce_5d030bc5-90c0-424e-80d2-dfd980605736_3_result.webp?updatedAt=1778240809320,false,60,2026-05-09 11:02:16.8201+00,FryBandit,,Parry,1,,20,,2026-06-11 08:27:08.304905+00,
272bd1ec-8031-46b8-9988-b76468a11ef7,d4e57593-39c9-4728-a0c0-46c8755ddc00,Marble Reef Shark,Cold and calculating predator.,Unit,Uncommon,https://ik.imagekit.io/zusyw2yie/midjourney_session/A_reef_shark_with_skin_like_polished_marble_patrolling_a_jagg_39379ae8-b8b3-44e7-8378-53d3e4fb12cc_1_result.webp?updatedAt=1778240804059,false,60,2026-05-09 11:02:16.8201+00,FryBandit,,Grifter,1,7,20,,2026-06-11 08:27:08.304905+00,
29145bdc-52c7-423d-9a7a-a19ab7f3d608,d4e57593-39c9-4728-a0c0-46c8755ddc00,Gossamer Jellyfish,A deadly sting wrapped in beauty.,Unit,Common,https://ik.imagekit.io/zusyw2yie/midjourney_session/A_translucent_jellyfish_with_long_trailing_tentacles_that_loo_4ca23972-d237-42d9-9a12-558b6f9ef5b1_1_result.webp?updatedAt=1778240807572,false,100,2026-05-09 11:02:16.8201+00,FryBandit,,Extort,1,3,10,,2026-06-11 08:27:08.304905+00,
2d28e0f1-5c93-4f51-b5c9-2ab3fcc9fe23,d4e57593-39c9-4728-a0c0-46c8755ddc00,Sphere Pufferfish,A perfect defense.,Unit,Common,https://ik.imagekit.io/zusyw2yie/midjourney_session/A_pufferfish_inflated_into_a_perfect_sphere_covered_in_glowin_d1e65d5c-79dd-4c11-af71-96107c8ccfb4_2_result.webp?updatedAt=1778240797876,false,100,2026-05-09 11:02:16.8201+00,FryBandit,,Enforcer,2,7,10,,2026-06-11 08:27:08.304905+00,
2d6f1837-55b2-4803-85fa-446a23110402,d4e57593-39c9-4728-a0c0-46c8755ddc00,Handed Squid,A bizarre mutation.,Unit,Common,https://ik.imagekit.io/zusyw2yie/midjourney_session/A_giant_squid_whose_tentacles_end_in_human-like_hands_made_of_8b1c21e2-a054-446e-b7c2-0ab9ad0dc62f_0_result.webp?updatedAt=1778240799210,false,100,2026-05-09 11:02:16.8201+00,FryBandit,,Grifter,1,4,10,,2026-06-11 08:27:08.304905+00,
2d901b01-7185-46e6-a036-335d6c17b7bb,d4e57593-39c9-4728-a0c0-46c8755ddc00,Nebula Clutch,The birthplace of cosmic horrors.,Artifact,Rare,https://ik.imagekit.io/zusyw2yie/midjourney_session/A_cluster_of_eggs_that_look_like_glowing_nebula_clouds_inside_72f7f85f-bfe9-43fa-9c4e-ad1923daf616_2_result.webp?updatedAt=1778240809926,false,30,2026-05-09 11:02:16.8201+00,FryBandit,,Concealed,1,,30,,2026-06-11 08:27:08.304905+00,
2da18df3-6b98-4a77-b417-b41eabc77d9f,d4e57593-39c9-4728-a0c0-46c8755ddc00,Glass Kelp Forest,A fragile ecosystem.,Location,Uncommon,https://ik.imagekit.io/zusyw2yie/midjourney_session/A_majestic_kelp_forest_where_the_leaves_are_made_of_stained_g_c338ead6-7b51-4583-baab-92b91e8f903f_1_result.webp?updatedAt=1778240806397,false,60,2026-05-09 11:02:16.8201+00,FryBandit,,Restriction,1,,20,,2026-06-11 08:27:08.304905+00,
2dd83d4a-4a3f-4bf5-8911-22e8789e3eb0,d4e57593-39c9-4728-a0c0-46c8755ddc00,Scale Butterfly,A fragile beauty in a harsh environment.,Unit,Uncommon,https://ik.imagekit.io/zusyw2yie/midjourney_session/A_butterfly_made_of_thin_translucent_fish_scales_fluttering_n_7d17c6b1-0dda-4e42-88b9-727bf36c8309_1_result.webp?updatedAt=1778240808984,false,60,2026-05-09 11:02:16.8201+00,FryBandit,,Undercover,1,2,20,,2026-06-11 08:27:08.304905+00,
2f2db903-9849-4fde-ad50-64651b9f8a18,d4e57593-39c9-4728-a0c0-46c8755ddc00,Charred Frilled Shark,Born from the underwater vents.,Unit,Uncommon,https://ik.imagekit.io/zusyw2yie/midjourney_session/A_frilled_shark_with_a_body_like_a_charred_ribbon_and_glowing_654b64a8-bfbf-4324-a1de-8a2ca05f9f17_2_result.webp?updatedAt=1778240804110,false,60,2026-05-09 11:02:16.8201+00,FryBandit,,Mercenary,1,6,20,,2026-06-11 08:27:08.304905+00,
2f5fa0e9-f608-445e-b925-b238beb9336d,d4e57593-39c9-4728-a0c0-46c8755ddc00,Submerged Temple,A place of ancient power.,Location,Common,https://ik.imagekit.io/zusyw2yie/midjourney_session/An_archaeological_excavation_of_a_submerged_Greek_temple_usin_5b9f3f1a-c9c2-4d6a-954a-3151433c6576_1_result.webp?updatedAt=1778240799802,false,100,2026-05-09 11:02:16.8201+00,FryBandit,,Restriction,1,,10,,2026-06-11 08:27:08.304905+00,
331408c1-6221-4a84-bb1c-472df6b0054e,d4e57593-39c9-4728-a0c0-46c8755ddc00,Nebula Snail,A slow but inevitable doom.,Unit,Common,https://ik.imagekit.io/zusyw2yie/midjourney_session/A_predatory_cone_snail_with_a_shell_like_a_dark_nebula_extend_25fb6523-41f2-4cc6-bd19-99c576834b20_2_result.webp?updatedAt=1778240801407,false,100,2026-05-09 11:02:16.8201+00,FryBandit,,Enforcer,1,5,10,,2026-06-11 08:27:08.304905+00,
335e01ea-bc81-4c26-80d1-87fcd2d7681c,d4e57593-39c9-4728-a0c0-46c8755ddc00,Isle of the Ancients,A wandering sanctuary for the lost.,Location,Common,https://ik.imagekit.io/zusyw2yie/midjourney_session/A_massive_ancient_turtle_with_a_miniature_forest_of_glowing_k_0b28c470-63e2-410e-9a7c-0e0e6586ee62_1_result.webp?updatedAt=1778240811182,false,100,2026-05-09 11:02:16.8201+00,FryBandit,,Sanctuary,2,,10,,2026-06-11 08:27:08.304905+00,
33fae30d-a85e-4b0e-868f-4593bb116428,d4e57593-39c9-4728-a0c0-46c8755ddc00,Submerged Starfall,"The sky falls, even where the sun never shines.",Event,Mythic,https://ik.imagekit.io/zusyw2yie/midjourney_session/A_meteor_shower_viewed_from_underwater_the_falling_stars_stre_48fcca4a-4ecc-4256-86ce-82944aea31a5_3_result.webp?updatedAt=1778240811310,false,3,2026-05-09 11:02:16.8201+00,FryBandit,200,All-In,2,,50,,2026-06-11 08:27:08.304905+00,
355c97b1-19c8-4e6d-8197-2bdd3f7085f5,d4e57593-39c9-4728-a0c0-46c8755ddc00,Clam Chest,A trap for the greedy.,Artifact,Uncommon,https://ik.imagekit.io/zusyw2yie/midjourney_session/A_cursed_treasure_chest_its_lid_made_of_a_giant_gaping_clam_m_646b1a5b-c10e-42d9-88cd-4be885f6351f_2_result.webp?updatedAt=1778240806311,false,60,2026-05-09 11:02:16.8201+00,FryBandit,,Concealed,1,,20,,2026-06-11 08:27:08.304905+00,
3a2eed26-b9a9-422c-96f1-be60722764eb,d4e57593-39c9-4728-a0c0-46c8755ddc00,Chrome Barracuda,"Fast, sharp, and deadly.",Unit,Uncommon,https://ik.imagekit.io/zusyw2yie/midjourney_session/A_barracuda_with_silver-chrome_skin_and_eyes_like_glowing_red_ada8f792-655a-4145-927e-92cebc81137b_2_result.webp?updatedAt=1778240808123,false,60,2026-05-09 11:02:16.8201+00,FryBandit,,Mercenary,1,7,20,,2026-06-11 08:27:08.304905+00,
3aa9cc5d-bb83-4819-88dd-c07ff8f15e31,d4e57593-39c9-4728-a0c0-46c8755ddc00,Shimmering Statue,A beautiful monument.,Artifact,Common,https://ik.imagekit.io/zusyw2yie/midjourney_session/A_stone_statue_of_a_mermaid_whose_tail_is_made_of_real_shimme_2bccb89d-300d-4407-a41d-7e33ab1b7e82_1_result.webp?updatedAt=1778240800773,false,100,2026-05-09 11:02:16.8201+00,FryBandit,,Pawn,1,,10,,2026-06-11 08:27:08.304905+00,
3c13b62e-0193-4cca-9f4b-dd7b90ab85ee,d4e57593-39c9-4728-a0c0-46c8755ddc00,Crystalline Flower,A fragile beauty.,Artifact,Common,https://ik.imagekit.io/zusyw2yie/midjourney_session/A_crystalline_flower_growing_out_of_a_rusted_anchor_chain._--_6de8e75d-5a4d-45d3-82e1-2b93c3d66a5c_2_result.webp?updatedAt=1778240798701,false,100,2026-05-09 11:02:16.8201+00,FryBandit,,Pawn,1,,10,,2026-06-11 08:27:08.304905+00,
3d164a08-fec9-46a6-8a66-9251a8d0d837,d4e57593-39c9-4728-a0c0-46c8755ddc00,Krill Constellation,A guiding light in the darkness.,Unit,Common,https://ik.imagekit.io/zusyw2yie/midjourney_session/A_swarm_of_tiny_glowing_krill_forming_the_shape_of_a_constell_0797d41a-7aee-4025-a9a2-d6b645ec6fc3_0_result.webp?updatedAt=1778240806784,false,100,2026-05-09 11:02:16.8201+00,FryBandit,,Mascot,1,2,10,,2026-06-11 08:27:08.304905+00,
3d842eff-c4ed-4dea-8e0b-a8d7d021d691,d4e57593-39c9-4728-a0c0-46c8755ddc00,Phantom Squadron,Silent gliders of the eerie depths.,Unit,Uncommon,https://ik.imagekit.io/zusyw2yie/midjourney_session/A_group_of_stingrays_flying_in_formation_through_a_thick_eeri_bb68c679-c5bd-4ba0-98c8-9f60512796ea_3_result.webp?updatedAt=1778240810174,false,60,2026-05-09 11:02:16.8201+00,FryBandit,,Nomad,1,5,20,,2026-06-11 08:27:08.304905+00,
45ec986d-fe78-4a58-a492-65edb0c5e3d1,d4e57593-39c9-4728-a0c0-46c8755ddc00,Tethered Orbs,Lights guiding the way home.,Location,Common,https://ik.imagekit.io/zusyw2yie/midjourney_session/A_series_of_floating_orbs_of_light_tethered_to_the_sea_floor__b73b6cf0-7fa5-4f5b-91cc-b02c4de30cd6_0_result.webp?updatedAt=1778240801995,false,100,2026-05-09 11:02:16.8201+00,FryBandit,,Sanctuary,1,,10,,2026-06-11 08:27:08.304905+00,
47ccb787-b50f-4def-a6ef-f5866b6f8f0d,d4e57593-39c9-4728-a0c0-46c8755ddc00,Topographic Behemoth,A living map of the ocean floor.,Unit,Rare,https://ik.imagekit.io/zusyw2yie/midjourney_session/A_massive_whale_shark_with_a_back_that_mimics_a_topographical_1a32bd7c-dde1-46f7-b9ff-7521ec945f29_1_result.webp?updatedAt=1778240810247,false,30,2026-05-09 11:02:16.8201+00,FryBandit,,High Roller,1,10,30,,2026-06-11 08:27:08.304905+00,
498aa4d4-2e58-40d6-afc9-9aed2fff535b,d4e57593-39c9-4728-a0c0-46c8755ddc00,Isle of Shells,A moving fortress.,Unit,Common,https://ik.imagekit.io/zusyw2yie/midjourney_session/An_ancient_colossal_turtle_the_Isle_of_Shells_with_a_fully_re_a1eaaeea-a159-4cca-96eb-9d78264914d5_3_result.webp?updatedAt=1778240807932,false,100,2026-05-09 11:02:16.8201+00,FryBandit,,Reckless,2,14,10,,2026-06-11 08:27:08.304905+00,
49a26f7f-4b5f-4e9d-9afd-4d588adec5eb,d4e57593-39c9-4728-a0c0-46c8755ddc00,Admiral Iron-Claw,A devastating strike from a mechanical arm.,Unit,Super-Rare,https://ik.imagekit.io/zusyw2yie/midjourney_session/A_cyborg_Mantis_Shrimp_Admiral_one_of_its_powerful_clubs_repl_ff5f568c-a58e-4cc5-a92e-85d26c87bcac_0_result.webp?updatedAt=1778240810055,false,10,2026-05-09 11:02:16.8201+00,FryBandit,,Sniper,2,8,40,,2026-06-11 08:27:08.304905+00,
4c38811e-88c6-4652-8302-8fc28cc458e1,d4e57593-39c9-4728-a0c0-46c8755ddc00,Abyssal Dragonfish,It lures the unwary into the darkest depths.,Unit,Uncommon,https://ik.imagekit.io/zusyw2yie/midjourney_session/A_dragonfish_with_a_long_glowing_chin_barbel_and_needle-thin__eea9a746-ad31-423e-a0fb-919ee9cf4960_3_result.webp?updatedAt=1778240811387,false,60,2026-05-09 11:02:16.8201+00,FryBandit,,Sniper,1,7,20,,2026-06-11 08:27:08.304905+00,
4cb4724b-8719-45dd-b848-9f62c21f7ae3,d4e57593-39c9-4728-a0c0-46c8755ddc00,Mer-King,Ruler of the sunken realms.,Leader,Mythic,https://ik.imagekit.io/zusyw2yie/midjourney_session/A_majestic_Mer-King_with_a_beard_like_flowing_white_seaweed_s_8914ae9c-6e33-441e-b460-124428685853_0_result.webp?updatedAt=1778240808133,false,3,2026-05-09 11:02:16.8201+00,FryBandit,200,Martyr,1,,0,,2026-05-09 11:02:16.8201+00,
4dce4828-6a62-4f2e-be89-61637e144d1c,d4e57593-39c9-4728-a0c0-46c8755ddc00,Glowing Glyph Tablet,Words of power lost to the sea.,Artifact,Rare,https://ik.imagekit.io/zusyw2yie/midjourney_session/A_fractured_ancient_stone_tablet_etched_with_glowing_blue_gly_6667b0eb-723e-473c-ab81-ff549b2d3875_1_result.webp?updatedAt=1778240807336,false,30,2026-05-09 11:02:16.8201+00,FryBandit,,Smuggle,1,,30,,2026-06-11 08:27:08.304905+00,
50068806-5871-4412-89ea-892fcb8c953c,d4e57593-39c9-4728-a0c0-46c8755ddc00,Submerged Statue,A monument to a forgotten civilization.,Location,Rare,https://ik.imagekit.io/zusyw2yie/midjourney_session/A_wide-angle_view_of_a_submerged_marble_statue_overgrown_with_b7f876db-c90f-4f66-8864-6f00a6944f91_3_result.webp?updatedAt=1778240807367,false,30,2026-05-09 11:02:16.8201+00,FryBandit,,Blind-River,2,,30,,2026-06-11 08:27:08.304905+00,
50906c81-aba2-4db9-b63e-9fa391fde91d,d4e57593-39c9-4728-a0c0-46c8755ddc00,Blue-Ringed Octopus,"Small, but deadly.",Unit,Common,https://ik.imagekit.io/zusyw2yie/midjourney_session/A_macro_shot_of_a_blue-ringed_octopus_resting_on_a_bed_of_gol_26ea0a68-b2ac-4604-b779-5da434b941e6_0_result.webp?updatedAt=1778240794552,false,100,2026-05-09 11:02:16.8201+00,FryBandit,,Sniper,2,2,10,,2026-06-11 08:27:08.304905+00,
520acafc-06ec-4bee-bcde-7899efcc297e,d4e57593-39c9-4728-a0c0-46c8755ddc00,Glass Shrimp,Almost invisible to the eye.,Unit,Common,https://ik.imagekit.io/zusyw2yie/midjourney_session/A_transparent_glass_shrimp_perched_on_a_branch_of_translucent_d5120657-8f8a-462f-ba6a-ca3a8f57d23e_1_result.webp?updatedAt=1778240793914,false,100,2026-05-09 11:02:16.8201+00,FryBandit,,Ghost,1,2,10,,2026-06-11 08:27:08.304905+00,
54d73919-ac8d-47aa-ac1d-8fadb9d9a085,d4e57593-39c9-4728-a0c0-46c8755ddc00,Obsidian Altar,Sacrifices must be made to the deep gods.,Location,Rare,https://ik.imagekit.io/zusyw2yie/midjourney_session/A_dark_jagged_obsidian_altar_surrounded_by_floating_glowing_j_83a15e58-9205-40db-ae35-bde8067cd9d7_1_result.webp?updatedAt=1778240809463,false,30,2026-05-09 11:02:16.8201+00,FryBandit,,Blood Feud,2,,30,,2026-06-11 08:27:08.304905+00,
54ea46ce-9ca1-4f59-bfd0-f5ae35db67e1,d4e57593-39c9-4728-a0c0-46c8755ddc00,Diamond Anchor,It holds more than just ships.,Artifact,Uncommon,https://ik.imagekit.io/zusyw2yie/midjourney_session/A_massive_anchor_made_of_solid_diamond_hooked_into_a_glowing__902455aa-dc5a-4112-8e50-c8a1aeb941a7_1_result.webp?updatedAt=1778240805295,false,60,2026-05-09 11:02:16.8201+00,FryBandit,,Vault,1,,20,,2026-06-11 08:27:08.304905+00,
550dedc7-f6b3-416d-84d3-516ad9b67264,d4e57593-39c9-4728-a0c0-46c8755ddc00,Lace Lionfish,"Beautiful, but deadly to touch.",Unit,Common,https://ik.imagekit.io/zusyw2yie/midjourney_session/A_lionfish_with_fins_like_delicate_lace_and_poisonous_spines__eb06ebfc-a7f3-4982-93e0-fe69de2f85b7_1_result.webp?updatedAt=1778240802084,false,100,2026-05-09 11:02:16.8201+00,FryBandit,,Extort,1,4,10,,2026-06-11 08:27:08.304905+00,
58da15d6-86ca-4141-9a19-672014b0028e,d4e57593-39c9-4728-a0c0-46c8755ddc00,Hammerhead Silhouette,A shadow of fear from above.,Event,Common,https://ik.imagekit.io/zusyw2yie/midjourney_session/A_hammerhead_shark_silhouette_seen_from_below_framed_by_a_hal_77f31484-d105-428c-8d17-0a1745e6c4cd_3_result.webp?updatedAt=1778240801419,false,100,2026-05-09 11:02:16.8201+00,FryBandit,,Kickback,1,,10,,2026-06-11 08:27:08.304905+00,
5c4549b8-7dc1-46b5-9993-5155afd8b58f,d4e57593-39c9-4728-a0c0-46c8755ddc00,Coral Cathedral,A place of worship for the merfolk.,Location,Common,https://ik.imagekit.io/zusyw2yie/midjourney_session/A_wide_shot_of_a_Coral_Cathedral--a_massive_hollowed-out_reef_1adbbe9f-3d1c-412c-9b7b-a234853d06f8_3_result.webp?updatedAt=1778240801788,false,100,2026-05-09 11:02:16.8201+00,FryBandit,,Black Market,1,,10,,2026-06-11 08:27:08.304905+00,
6112d422-9b0a-4dbc-ab06-a9a801bc579f,d4e57593-39c9-4728-a0c0-46c8755ddc00,Deceptive Angler,The light is a lie.,Unit,Rare,https://ik.imagekit.io/zusyw2yie/midjourney_session/An_anglerfish_with_a_lure_that_looks_like_a_miniature_glowing_4f5cff58-6150-46e2-930a-6e9b8d5e5743_0_result.webp?updatedAt=1778240808875,false,30,2026-05-09 11:02:16.8201+00,FryBandit,,Grifter,2,6,30,,2026-06-11 08:27:08.304905+00,
63cedf28-1cc1-4711-b0bb-4a79606f3f06,d4e57593-39c9-4728-a0c0-46c8755ddc00,Towering Tsunami,The ocean's wrath unleashed.,Event,Common,https://ik.imagekit.io/zusyw2yie/midjourney_session/A_tsunami_wave_forming_viewed_as_a_massive_towering_wall_of_d_69ec0d39-3e05-4cab-b911-2a6c5112ef6a_3_result.webp?updatedAt=1778240807141,false,100,2026-05-09 11:02:16.8201+00,FryBandit,,Fold-Cast,2,,10,,2026-06-11 08:27:08.304905+00,
652a9cbf-4087-43a3-98f2-b3fca107396b,d4e57593-39c9-4728-a0c0-46c8755ddc00,Haunted Submarine,The crew never left their posts.,Location,Rare,https://ik.imagekit.io/zusyw2yie/midjourney_session/A_shipwrecked_submarine_its_windows_glowing_with_an_eerie_rhy_878f43b1-3df3-4268-95f4-94b480b64fcd_2_result.webp?updatedAt=1778240808115,false,30,2026-05-09 11:02:16.8201+00,FryBandit,,Dead Man's Switch,1,,30,,2026-06-11 08:27:08.304905+00,
65ea05af-7b5b-463e-aa10-f0c5024105e4,d4e57593-39c9-4728-a0c0-46c8755ddc00,Sparkling Meadow,A peaceful place to rest.,Location,Common,https://ik.imagekit.io/zusyw2yie/midjourney_session/An_underwater_meadow_of_seagrass_with_tiny_sparkling_bubbles__1a968cfe-29a8-4199-8b3d-16a3532f6df4_3_result.webp?updatedAt=1778240800190,false,100,2026-05-09 11:02:16.8201+00,FryBandit,,Sanctuary,1,,10,,2026-06-11 08:27:08.304905+00,
66088780-4229-43f9-a3b1-2b4e9a72f6de,d4e57593-39c9-4728-a0c0-46c8755ddc00,Mist Ghost Ship,Sailing the currents of the dead.,Location,Uncommon,https://ik.imagekit.io/zusyw2yie/midjourney_session/A_ghost_ship_made_of_translucent_white_mist_manned_by_skeleta_79df45bb-5c6d-476f-b746-3bde4b6b0c61_3_result.webp?updatedAt=1778240803211,false,60,2026-05-09 11:02:16.8201+00,FryBandit,,Dead Man's Switch,1,,20,,2026-06-11 08:27:08.304905+00,
698771e6-d435-48c2-bd19-13cc6b5d656b,d4e57593-39c9-4728-a0c0-46c8755ddc00,Clockwork Nautilus,Tick tock goes the deep.,Unit,Uncommon,https://ik.imagekit.io/zusyw2yie/midjourney_session/A_clockwork_mechanical_nautilus_built_from_brass_and_copper_g_4282f592-eaad-45f9-a0a3-295e288a56da_0_result.webp?updatedAt=1778240806041,false,60,2026-05-09 11:02:16.8201+00,FryBandit,,Syndicate,1,4,20,,2026-06-11 08:27:08.304905+00,
6ab5d484-271d-42e5-b7e4-0476bdd8ebd3,d4e57593-39c9-4728-a0c0-46c8755ddc00,Amethyst Starfish,"Beautiful, but incredibly toxic.",Unit,Uncommon,https://ik.imagekit.io/zusyw2yie/midjourney_session/A_crown-of-thorns_starfish_encrusted_with_amethyst_crystals_m_f337c7a6-fdfb-4b13-89dd-1966112e502f_0_result.webp?updatedAt=1778240808615,false,60,2026-05-09 11:02:16.8201+00,FryBandit,,Extort,1,5,20,,2026-06-11 08:27:08.304905+00,
6b298b55-bf6c-4136-97d8-62130b6cb6c9,d4e57593-39c9-4728-a0c0-46c8755ddc00,Butterflyfish School,A flash of color in the blue.,Unit,Common,https://ik.imagekit.io/zusyw2yie/midjourney_session/A_school_of_iridescent_butterflyfish_weaving_through_a_forest_80e33cfd-cc51-49b2-bd3d-14c20badfe48_1_result.webp?updatedAt=1778240795323,false,100,2026-05-09 11:02:16.8201+00,FryBandit,,Syndicate,1,3,10,,2026-06-11 08:27:08.304905+00,
6dd837a0-4262-4ce8-a4be-098d558b60cb,d4e57593-39c9-4728-a0c0-46c8755ddc00,Submerged Archives,Knowledge lost to the tides of time.,Location,Super-Rare,https://ik.imagekit.io/zusyw2yie/midjourney_session/An_ancient_library_of_stone_tablets_buried_under_a_mountain_o_1691e7a5-82d0-42a7-9657-132520f185c2_3_result.webp?updatedAt=1778240809532,false,10,2026-05-09 11:02:16.8201+00,FryBandit,,Restriction,1,,40,,2026-06-11 08:27:08.304905+00,
6fe98e97-bc24-45cd-b16c-b5cbaa6387f9,d4e57593-39c9-4728-a0c0-46c8755ddc00,Coral Collapse,"The reef falls, taking all with it.",Event,Uncommon,https://ik.imagekit.io/zusyw2yie/midjourney_session/A_catastrophic_collapse_of_a_giant_ancient_brain_coral_struct_a38c386a-d90f-4176-b49c-830f332fa2c0_3_result.webp?updatedAt=1778240805449,false,60,2026-05-09 11:02:16.8201+00,FryBandit,,All-In,1,,20,,2026-06-11 08:27:08.304905+00,
729b5bf9-7c42-4d9e-b986-c0bed3c938a9,d4e57593-39c9-4728-a0c0-46c8755ddc00,The Descent,Step carefully into the unknown.,Location,Uncommon,https://ik.imagekit.io/zusyw2yie/midjourney_session/A_set_of_ancient_stone_stairs_disappearing_into_a_black_trenc_f0e27a68-c6eb-40e9-82e6-66491a25c5ff_1_result.webp?updatedAt=1778240810857,false,60,2026-05-09 11:02:16.8201+00,FryBandit,,Restriction,1,,20,,2026-06-11 08:27:08.304905+00,
73ed6677-a278-46f2-bc85-60c9844ed9ab,d4e57593-39c9-4728-a0c0-46c8755ddc00,Star-Patterned Manta,A constellation gliding through the water.,Unit,Uncommon,https://ik.imagekit.io/zusyw2yie/midjourney_session/A_manta_ray_with_a_pattern_on_its_back_that_looks_like_a_star_bb075896-de0e-4b19-96c0-55ac43799ff7_2_result.webp?updatedAt=1778240808118,false,60,2026-05-09 11:02:16.8201+00,FryBandit,,Nomad,1,6,20,,2026-06-11 08:27:08.304905+00,
749795e7-916d-4607-956a-5ec54578c558,d4e57593-39c9-4728-a0c0-46c8755ddc00,The Mirrored Trench,A reflection of your deepest fears.,Location,Common,https://ik.imagekit.io/zusyw2yie/midjourney_session/A_deep-sea_trench_that_looks_like_a_crack_in_a_giant_mirror_r_7ea7ca3e-5bcd-4aab-8661-4e3a92c0d8c3_2_result.webp?updatedAt=1778240807209,false,100,2026-05-09 11:02:16.8201+00,FryBandit,,Wildcard,1,,10,,2026-06-11 08:27:08.304905+00,
79c6bb96-0b4f-4188-b296-c50b7bf3cee3,d4e57593-39c9-4728-a0c0-46c8755ddc00,Bound Leviathan,Even monsters can be chained.,Event,Super-Rare,https://ik.imagekit.io/zusyw2yie/midjourney_session/A_deeply_corroded_iron_anchor_chain_wrapped_around_a_massive__536f12b8-3669-405e-b7f5-af9afcc8a0eb_3_result.webp?updatedAt=1778240808484,false,10,2026-05-09 11:02:16.8201+00,FryBandit,,Sabotage,2,,40,,2026-06-11 08:27:08.304905+00,
7b9c2835-e314-4c6e-80cd-24b419a70c20,d4e57593-39c9-4728-a0c0-46c8755ddc00,Light Seahorse,A tiny beacon of hope.,Unit,Common,https://ik.imagekit.io/zusyw2yie/midjourney_session/A_tiny_glowing_seahorse_made_of_pure_white_light._--chaos_5_-_6b8d2e24-d96a-4711-b9d0-0120a230753f_1_result.webp?updatedAt=1778240802535,false,100,2026-05-09 11:02:16.8201+00,FryBandit,,Mascot,1,2,10,,2026-06-11 08:27:08.304905+00,
7e9cc0a5-cc69-4964-a04c-e92b5526820a,d4e57593-39c9-4728-a0c0-46c8755ddc00,Phantom Whale,A ghost of the open ocean.,Unit,Uncommon,https://ik.imagekit.io/zusyw2yie/midjourney_session/A_phantom_silhouette_of_a_colossal_whale_composed_entirely_of_587f89bc-fae5-4641-9bc0-6644690f3ddb_3_result.webp?updatedAt=1778240805257,false,60,2026-05-09 11:02:16.8201+00,FryBandit,,Ghost,2,10,20,,2026-06-11 08:27:08.304905+00,
852f360f-ebff-4cb2-a093-228217d762a1,d4e57593-39c9-4728-a0c0-46c8755ddc00,Pufferfish Lantern,A macabre source of light.,Artifact,Uncommon,https://ik.imagekit.io/zusyw2yie/midjourney_session/A_lantern_made_from_a_dried_pufferfish_containing_a_pulsating_0f791616-9d72-4791-a835-3220c5494046_1_result.webp?updatedAt=1778240807631,false,60,2026-05-09 11:02:16.8201+00,FryBandit,,Phantom,1,,20,,2026-06-11 08:27:08.304905+00,
857628e6-8ccf-41c9-b812-e2e18f8f4449,d4e57593-39c9-4728-a0c0-46c8755ddc00,Frosted Isopod,A scavenger of the deep.,Unit,Common,https://ik.imagekit.io/zusyw2yie/midjourney_session/A_giant_isopod_with_a_shell_made_of_frosted_glass._--chaos_5__a965bed8-cd1c-424a-bf93-31c200ea8c08_3_result.webp?updatedAt=1778240798591,false,100,2026-05-09 11:02:16.8201+00,FryBandit,,Scavenge,1,4,10,,2026-06-11 08:27:08.304905+00,
85a2e195-6d36-4d36-a83b-23470dae3647,d4e57593-39c9-4728-a0c0-46c8755ddc00,Glacier Shark,"Cold as ice, sharp as a tooth.",Unit,Common,https://ik.imagekit.io/zusyw2yie/midjourney_session/A_creature_that_is_half-shark_half-glacier_with_ice-blue_glow_bfc65751-38d8-48b9-85e3-fd56fb67df2f_3_result.webp?updatedAt=1778240802467,false,100,2026-05-09 11:02:16.8201+00,FryBandit,,Sniper,1,6,10,,2026-06-11 08:27:08.304905+00,
8672207f-469f-44c8-bb5d-a89551a3a7d3,d4e57593-39c9-4728-a0c0-46c8755ddc00,Chrono-Tide,Time flows backwards in the deep currents.,Event,Super-Rare,https://ik.imagekit.io/zusyw2yie/midjourney_session/A_magical_Rewinding--a_scene_where_debris_from_a_shipwreck_is_1b002426-719e-443e-9aae-e8bfdafef730_2_result.webp?updatedAt=1778240811008,false,10,2026-05-09 11:02:16.8201+00,FryBandit,,Scavenge,2,,40,,2026-06-11 08:27:08.304905+00,
86ed5590-b425-4ec0-b9a4-64abb59cf2bd,d4e57593-39c9-4728-a0c0-46c8755ddc00,Glowing Manta,A majestic glider of the abyss.,Unit,Uncommon,https://ik.imagekit.io/zusyw2yie/midjourney_session/A_massive_manta_ray_with_glowing_white_markings_trailing_a_wa_ed30d574-def0-4caf-93fb-c329e7508849_3_result.webp?updatedAt=1778240804624,false,60,2026-05-09 11:02:16.8201+00,FryBandit,,Nomad,1,5,20,,2026-06-11 08:27:08.304905+00,
87e47866-9706-46f4-b2de-910a8bac7ba0,d4e57593-39c9-4728-a0c0-46c8755ddc00,Bone-White Forest,A pale imitation of life above.,Location,Uncommon,https://ik.imagekit.io/zusyw2yie/midjourney_session/A_submerged_forest_of_bone-white_trees_with_no_leaves_only_gl_c888190b-9576-4111-a460-f4996fb40443_2_result.webp?updatedAt=1778240808748,false,60,2026-05-09 11:02:16.8201+00,FryBandit,,Sanctuary,1,,20,,2026-06-11 08:27:08.304905+00,
884e43d0-b2e7-4454-8d00-d1ee9c3dcd43,d4e57593-39c9-4728-a0c0-46c8755ddc00,Legendary Diver,He has seen the bottom of the world.,Leader,Mythic,https://ik.imagekit.io/zusyw2yie/midjourney_session/A_legendary_diver_in_a_highly_modified_heavy_brass_and_steel__d425f53e-5d8e-4cd2-b28b-a12ad45e3c7b_3_result.webp?updatedAt=1778240799013,false,3,2026-05-09 11:02:16.8201+00,FryBandit,200,Prophet,1,,0,,2026-05-09 11:02:16.8201+00,
890e6cb8-1d15-415f-8b1f-e063b2855e98,d4e57593-39c9-4728-a0c0-46c8755ddc00,Helix Swarm,The building blocks of deep-sea life.,Unit,Uncommon,https://ik.imagekit.io/zusyw2yie/midjourney_session/A_swarm_of_transparent_eels_forming_a_DNA-like_double_helix_i_eec43e67-782e-4eef-87c6-5a279cfa9914_0_result.webp?updatedAt=1778240810230,false,60,2026-05-09 11:02:16.8201+00,FryBandit,,Ghost,1,3,20,,2026-06-11 08:27:08.304905+00,
89ad105b-18f5-4358-a9ba-01f48f8a79db,d4e57593-39c9-4728-a0c0-46c8755ddc00,Merfolk Ritual,A dance to summon the tide.,Event,Uncommon,https://ik.imagekit.io/zusyw2yie/midjourney_session/A_ritual_dance_of_Merfolk_surrounding_a_massive_floating_bubb_0717ce3c-5805-4cef-94bf-e4dff324ba2a_0_result.webp?updatedAt=1778240805640,false,60,2026-05-09 11:02:16.8201+00,FryBandit,,Sleight,1,,20,,2026-06-11 08:27:08.304905+00,
8b9b2e7b-3710-4e0f-8111-4206b57eb54e,d4e57593-39c9-4728-a0c0-46c8755ddc00,Kraken's Monolith,Marked by the beast that rules the depths.,Artifact,Rare,https://ik.imagekit.io/zusyw2yie/midjourney_session/A_monolithic_shard_of_black_rock_covered_in_suction-cup_marks_dcc69ff6-c44d-433d-b958-60fa8d43ea1d_2_result.webp?updatedAt=1778240810417,false,30,2026-05-09 11:02:16.8201+00,FryBandit,,Cursed,2,,30,,2026-06-11 08:27:08.304905+00,
8e912bda-b52b-45ac-b96f-ffe2447b9a69,d4e57593-39c9-4728-a0c0-46c8755ddc00,Sand Portal,A gateway to the unknown.,Location,Common,https://ik.imagekit.io/zusyw2yie/midjourney_session/A_portal_made_of_swirling_white_sand_and_black_water_framed_b_aec7589e-11ad-4f05-8cc8-d3126db2df11_2_result.webp?updatedAt=1778240802471,false,100,2026-05-09 11:02:16.8201+00,FryBandit,,Blind-River,1,,10,,2026-06-11 08:27:08.304905+00,
991e4066-f22b-47fb-9903-1d324bef878e,d4e57593-39c9-4728-a0c0-46c8755ddc00,Mermaid Statue,A silent watcher of the depths.,Artifact,Common,https://ik.imagekit.io/zusyw2yie/midjourney_session/A_stone_statue_of_a_mermaid_whose_tail_is_made_of_real_shimme_2bccb89d-300d-4407-a41d-7e33ab1b7e82_3_result.webp?updatedAt=1778240802873,false,100,2026-05-09 11:02:16.8201+00,FryBandit,,Concealed,1,,10,,2026-06-11 08:27:08.304905+00,
99ceaaf2-956f-4f26-8a86-b1d47dce0e23,d4e57593-39c9-4728-a0c0-46c8755ddc00,Crowned Manatee,The gentle king of the shallows.,Unit,Rare,https://ik.imagekit.io/zusyw2yie/midjourney_session/A_friendly_manatee_wearing_a_crown_made_of_woven_seagrass_and_6f6efb07-a84f-4654-81f0-c8061f3a4db8_0_result.webp?updatedAt=1778240808072,false,30,2026-05-09 11:02:16.8201+00,FryBandit,,Bodyguard,1,8,30,,2026-06-11 08:27:08.304905+00,
9cad026e-8bb8-4ede-8a25-95353fd08cd5,d4e57593-39c9-4728-a0c0-46c8755ddc00,Mirror Hatchetfish,Reflecting the greed of those who hunt them.,Unit,Common,https://ik.imagekit.io/zusyw2yie/midjourney_session/A_school_of_hatchetfish_with_mirror-like_sides_reflecting_the_0c67e36f-eb21-48d2-b27e-8cc7a44a053e_1_result.webp?updatedAt=1778240810515,false,100,2026-05-09 11:02:16.8201+00,FryBandit,,Syndicate,1,4,10,,2026-06-11 08:27:08.304905+00,
9f94745e-994f-4280-a2fd-e81a8d99d54f,d4e57593-39c9-4728-a0c0-46c8755ddc00,Eel's Weave,A spell woven from living bodies.,Event,Uncommon,https://ik.imagekit.io/zusyw2yie/midjourney_session/A_magical_ritual_where_a_group_of_eels_weave_themselves_toget_4f318a23-e2a0-447e-8b22-6b966bf4161e_2_result.webp?updatedAt=1778240809724,false,60,2026-05-09 11:02:16.8201+00,FryBandit,,Sleight,1,,20,,2026-06-11 08:27:08.304905+00,
a118f89b-b549-4f41-a28e-59d82567f9bf,d4e57593-39c9-4728-a0c0-46c8755ddc00,Heart Coral,The beating center of the reef.,Location,Common,https://ik.imagekit.io/zusyw2yie/midjourney_session/A_massive_pulsating_heart-shaped_coral_growing_in_the_center__b53de206-38ca-450d-af24-cbbbec3a7177_0_result.webp?updatedAt=1778240801439,false,100,2026-05-09 11:02:16.8201+00,FryBandit,,Sanctuary,2,,10,,2026-06-11 08:27:08.304905+00,
a5f3102a-2e29-4705-8534-ec4338ca3dda,d4e57593-39c9-4728-a0c0-46c8755ddc00,Swirling Ink Cloud,A perfect cover for a quick escape.,Event,Uncommon,https://ik.imagekit.io/zusyw2yie/midjourney_session/A_dense_cloud_of_ink_from_a_squid_containing_swirling_pattern_db4c58e4-087d-44a7-922f-004545a0947b_0_result.webp?updatedAt=1778240803552,false,60,2026-05-09 11:02:16.8201+00,FryBandit,,Parry,1,,20,,2026-06-11 08:27:08.304905+00,
a77e19db-998b-473c-a4a4-a3e0c7f70268,d4e57593-39c9-4728-a0c0-46c8755ddc00,Amber Sphere,Preserved perfectly for millennia.,Artifact,Common,https://ik.imagekit.io/zusyw2yie/midjourney_session/A_sphere_of_polished_amber_containing_a_perfectly_preserved_g_5381c256-0b07-4479-aa8c-6d8f573c34cc_3_result.webp?updatedAt=1778240802656,false,100,2026-05-09 11:02:16.8201+00,FryBandit,,Pawn,1,,10,,2026-06-11 08:27:08.304905+00,
a7e8f1c9-16e1-4fb9-af02-02f8be22a46f,d4e57593-39c9-4728-a0c0-46c8755ddc00,Emerald Turtle,A slow and steady traveler.,Unit,Common,https://ik.imagekit.io/zusyw2yie/midjourney_session/A_majestic_sea_turtle_with_a_shell_made_of_polished_emerald_a_8871346a-f40b-41c2-bf76-001b8daf79fe_3_result.webp?updatedAt=1778240795581,false,100,2026-05-09 11:02:16.8201+00,FryBandit,,Nomad,1,6,10,,2026-06-11 08:27:08.304905+00,
a805e3a0-d503-4339-b761-b83854b1bb64,d4e57593-39c9-4728-a0c0-46c8755ddc00,Obsidian Dice,Roll for your life.,Artifact,Common,https://ik.imagekit.io/zusyw2yie/midjourney_session/A_set_of_obsidian_dice_the_pips_glowing_red_resting_on_a_velv_6a03eb4e-ecd9-423e-804f-b6127e0e331d_0_result.webp?updatedAt=1778240799806,false,100,2026-05-09 11:02:16.8201+00,FryBandit,,Phantom,1,,10,,2026-06-11 08:27:08.304905+00,
ac6b4f92-5c9a-4186-a6c5-fb2230618973,d4e57593-39c9-4728-a0c0-46c8755ddc00,Crystalline Metropolis,A fragile empire within a bubble.,Location,Super-Rare,https://ik.imagekit.io/zusyw2yie/midjourney_session/A_city_of_crystalline_spires_built_inside_a_massive_air-fille_5a94c8d8-c7b0-4293-8b33-8bf6db250d5e_3_result.webp?updatedAt=1778240810555,false,10,2026-05-09 11:02:16.8201+00,FryBandit,,Black Market,2,,40,,2026-06-11 08:27:08.304905+00,
af3d528e-c253-4063-85bc-b01edf0f4b46,d4e57593-39c9-4728-a0c0-46c8755ddc00,Mandarin Dragonet,A psychedelic display.,Unit,Common,https://ik.imagekit.io/zusyw2yie/midjourney_session/A_vibrant_mandarin_dragonet_fish_displaying_its_psychedelic_o_aebdb5b0-cb9b-4260-b4a9-a4a45200020f_1_result.webp?updatedAt=1778240794407,false,100,2026-05-09 11:02:16.8201+00,FryBandit,,Tell,1,3,10,,2026-06-11 08:27:08.304905+00,
afa32751-4a89-4ff0-aac1-b53822302296,d4e57593-39c9-4728-a0c0-46c8755ddc00,Sand Waterfall,An endless pour into the abyss.,Location,Common,https://ik.imagekit.io/zusyw2yie/midjourney_session/An_underwater_waterfall_of_sand_pouring_into_a_dark_bottomles_d80ccad2-df25-48fa-9c03-39b45dd44849_1_result.webp?updatedAt=1778240800585,false,100,2026-05-09 11:02:16.8201+00,FryBandit,,High Stakes,1,,10,,2026-06-11 08:27:08.304905+00,
b06d9768-d09b-455d-8dc9-541a0148821e,d4e57593-39c9-4728-a0c0-46c8755ddc00,Stone Bubbles,Trapped air from a forgotten age.,Location,Common,https://ik.imagekit.io/zusyw2yie/midjourney_session/A_series_of_underwater_stone_bubbles_containing_tiny_preserve_1f3b8d61-5de8-4093-9581-f2b55342c3a9_1_result.webp?updatedAt=1778240802365,false,100,2026-05-09 11:02:16.8201+00,FryBandit,,Restriction,1,,10,,2026-06-11 08:27:08.304905+00,
b119d93c-2000-41ed-a220-963aa9ec7085,d4e57593-39c9-4728-a0c0-46c8755ddc00,Galaxy Jellyfish,A universe within a bell.,Unit,Common,https://ik.imagekit.io/zusyw2yie/midjourney_session/A_giant_jellyfish_whose_bell_contains_a_miniature_rotating_ga_ba1c6e8a-148f-429e-83f0-d449072fcb97_2_result.webp?updatedAt=1778240801719,false,100,2026-05-09 11:02:16.8201+00,FryBandit,,Syndicate,1,3,10,,2026-06-11 08:27:08.304905+00,
b1432004-e642-42fa-979f-79b5719a003d,d4e57593-39c9-4728-a0c0-46c8755ddc00,Abyssal Pathway,"Follow the light, but beware where it leads.",Location,Uncommon,https://ik.imagekit.io/zusyw2yie/midjourney_session/A_pathway_of_glowing_white_stones_leading_through_a_forest_of_a24cf650-819b-4289-9510-238b3185ad1b_0_result.webp?updatedAt=1778240810966,false,60,2026-05-09 11:02:16.8201+00,FryBandit,,Blind-River,1,,20,,2026-06-11 08:27:08.304905+00,
b32ef5c8-17ec-490f-8e17-221e6f9cc33b,d4e57593-39c9-4728-a0c0-46c8755ddc00,Silver Chimera,A bizarre amalgamation of the deep.,Unit,Uncommon,https://ik.imagekit.io/zusyw2yie/midjourney_session/A_long-nosed_chimera_fish_with_silver_skin_gliding_through_a__c396adc5-f761-431a-a326-82aa3c19a4e9_0_result.webp?updatedAt=1778240807391,false,60,2026-05-09 11:02:16.8201+00,FryBandit,,Grifter,1,5,20,,2026-06-11 08:27:08.304905+00,
b3c1f681-3c51-488e-be6e-e66e71897055,d4e57593-39c9-4728-a0c0-46c8755ddc00,Porcelain Lobster,Delicate but sharp.,Unit,Common,https://ik.imagekit.io/zusyw2yie/midjourney_session/A_lobster_with_a_shell_that_looks_like_cracked_porcelain_with_d43c7ea8-610b-429c-8f2e-d58014ecbf4a_1_result.webp?updatedAt=1778240797832,false,100,2026-05-09 11:02:16.8201+00,FryBandit,,Bouncer,1,5,10,,2026-06-11 08:27:08.304905+00,
b5d23eb9-0dc9-4863-887c-e8c2ea3aec81,d4e57593-39c9-4728-a0c0-46c8755ddc00,Pearl of the Deep,A treasure worth risking it all.,Artifact,Super-Rare,https://ik.imagekit.io/zusyw2yie/midjourney_session/The_Birth_of_a_Pearl--a_clam_opening_to_reveal_a_pearl_that_i_c023b563-fafe-4f6b-a2bf-f00ea151b68a_0_result.webp?updatedAt=1778240810567,false,10,2026-05-09 11:02:16.8201+00,FryBandit,,Pawn,2,,40,,2026-06-11 08:27:08.304905+00,
b6323cf7-2f87-469f-8b15-89d19798a617,d4e57593-39c9-4728-a0c0-46c8755ddc00,Sunken Bounty,Riches beyond imagination.,Artifact,Rare,https://ik.imagekit.io/zusyw2yie/midjourney_session/A_sunken_chest_overflowing_with_gold_coins_and_colorful_tropi_fac78884-25c5-4b3d-9d68-23e0e846bea6_3_result.webp?updatedAt=1778240807627,false,30,2026-05-09 11:02:16.8201+00,FryBandit,,Pawn,3,,30,,2026-06-11 08:27:08.304905+00,
b843c64b-0d2a-4f15-9c51-e0dc23357b49,d4e57593-39c9-4728-a0c0-46c8755ddc00,Glowing Sea Spider,Creeping along the ocean floor.,Unit,Common,https://ik.imagekit.io/zusyw2yie/midjourney_session/A_sea_spider_with_spindly_glowing_legs_walking_over_a_bed_of__40ff17ce-dbfa-4400-8fc9-0aec91fa3878_2_result.webp?updatedAt=1778240801118,false,100,2026-05-09 11:02:16.8201+00,FryBandit,,Undercover,1,2,10,,2026-06-11 08:27:08.304905+00,
b9551de3-5e46-484d-9970-a71041ee9c27,d4e57593-39c9-4728-a0c0-46c8755ddc00,Whale Fall Ceremony,"In death, there is life.",Event,Rare,https://ik.imagekit.io/zusyw2yie/midjourney_session/The_Whale_Fall_Ceremony--a_solemn_gathering_of_deep-sea_creat_e6577084-83c0-45b9-bb06-59b0fda0f780_3_result.webp?updatedAt=1778240806908,false,30,2026-05-09 11:02:16.8201+00,FryBandit,,Scavenge,1,,30,,2026-06-11 08:27:08.304905+00,
baaccc77-c76e-4ab0-b99d-b629cd947ee7,d4e57593-39c9-4728-a0c0-46c8755ddc00,Tang's Refuge,A rusted relic repurposed by nature.,Unit,Common,https://ik.imagekit.io/zusyw2yie/midjourney_session/A_coral-encrusted_anchor_with_a_school_of_yellow_tangs_dartin_9d490bbf-fd69-4d9f-85ea-9ad39f7cbadc_0_result.webp?updatedAt=1778240810362,false,100,2026-05-09 11:02:16.8201+00,FryBandit,,Bouncer,1,6,10,,2026-06-11 08:27:08.304905+00,